HRP,model,success,elapsed_sec,error,n_warnings,n_optimization_warnings,n_numerical_warnings,n_runtime_warnings,warning_sample,candidate_pred_max,candidate_pred_min,candidate_latent_std_mean,candidate_latent_std_max,candidate_TMB_min,candidate_TMB_max,candidate_H2O2_min,candidate_H2O2_max,candidate_nearest_train_logdist_median,candidate_pairwise_logdist_median
1,replicate_inferred,True,1.3453011512756348,,3,1,2,2,"NumericalWarning: A not p.d., added jitter of 1.0e-08 to the diagonal | RuntimeWarning: Optimization failed in `gen_candidates_scipy` with the following warning(s):
[NumericalWarning('A not p.d., added jitter of 1.0e-08 to the diagonal'), NumericalWarning('A not p.d., added jitter of 1.0e-08 to the diagonal'), NumericalWarning('A not p.d., added jitter of 1.0e-07 to the diagonal'), NumericalWarning('A not p.d., added jitter of 1.0e-06 to the diagonal'), NumericalWarning('A not p.d., added jitter of 1.0e-05 to the diagonal'), NumericalWarning('A not p.d., added jitter of 1.0e-04 to the diagonal'), NumericalWarning('A not p.d., added jitter of 1.0e-03 to the diagonal'), NumericalWarning('Runtime Error when computing Cholesky decomposition: Matrix not positive definite after repeatedly adding jitter up to 1.0e-03.. Using symeig method.'), NumericalWarning('A not p.d., added jitter of 1.0e-08 to the diagonal'), NumericalWarning('A not p.d., added jitter of 1.0e-08 to the diagonal'), NumericalWarning('A not p.d., added jitter of 1.0e-08 to the diagonal'), NumericalWarning('A not p.d., added jitter of 1.0e-08 to the diagonal'), NumericalWarning('A not p.d., added jitter of 1.0e-08 to the diagonal'), NumericalWarning('A not p.d., added jitter of 1.0e-08 to the diagonal'), NumericalWarning('A not p.d., added jitter of 1.0e-08 to the diagonal'), NumericalWarning('A not p.d., added jitter of 1.0e-08 to the diagonal'), NumericalWarning('A not p.d., added jitter of 1.0e-08 to the diagonal'), NumericalWarning('A not p.d., added jitter of 1.0e-08 to the diagonal'), NumericalWarning('A not p.d., added jitter of 1.0e-08 to the diagonal'), NumericalWarning('A not p.d., added jitter of 1.0e-08 to the diagonal'), NumericalWarning('A not p.d., added jitter of 1.0e-08 to the diagonal'), NumericalWarning('A not p.d., added jitter of 1.0e-08 to the diagonal'), NumericalWarning('A not p.d., added jitter of 1.0e-08 to the diagonal'), NumericalWarning('A not p.d., added jitter of 1.0e-08 to the diagonal'), NumericalWarning('A not p.d., added jitter of 1.0e-08 to the diagonal'), NumericalWarning('A not p.d., added jitter of 1.0e-08 to the diagonal'), NumericalWarning('A not p.d., added jitter of 1.0e-08 to the diagonal'), OptimizationWarning('Optimization failed within `scipy.optimize.minimize` with status 2 and message ABNORMAL_TERMINATION_IN_LNSRCH.'), NumericalWarning('A not p.d., added jitter of 1.0e-08 to the diagonal')]
Trying again with a new set of initial conditions. | RuntimeWarning: Optimization failed on the second try, after generating a new set of initial conditions.",10746.411060099432,-277.9206129955485,1276.60741457094,1779.2629085123149,0.00814088363356352,0.9396240982383594,0.00859524677629095,0.6631101138058816,0.18857358619977566,1.0793960301093835
1,fixed_sem_raw,True,34.59636640548706,,0,0,0,0,,11371.708878704161,-282.9063739370672,1085.6976800606135,1681.2274894024438,0.005053903180295855,0.7627991275775293,0.008328451206767161,0.6887100790251536,0.11085649569666142,1.0512196925139141
1,fixed_sem_shrunk,True,46.32124471664429,,1,1,1,1,"RuntimeWarning: Optimization failed in `gen_candidates_scipy` with the following warning(s):
[NumericalWarning('A not p.d., added jitter of 1.0e-08 to the diagonal'), NumericalWarning('A not p.d., added jitter of 1.0e-08 to the diagonal'), NumericalWarning('A not p.d., added jitter of 1.0e-08 to the diagonal'), NumericalWarning('A not p.d., added jitter of 1.0e-08 to the diagonal'), NumericalWarning('A not p.d., added jitter of 1.0e-08 to the diagonal'), NumericalWarning('A not p.d., added jitter of 1.0e-08 to the diagonal'), NumericalWarning('A not p.d., added jitter of 1.0e-08 to the diagonal'), NumericalWarning('A not p.d., added jitter of 1.0e-08 to the diagonal'), NumericalWarning('A not p.d., added jitter of 1.0e-08 to the diagonal'), NumericalWarning('A not p.d., added jitter of 1.0e-08 to the diagonal'), NumericalWarning('A not p.d., added jitter of 1.0e-08 to the diagonal'), NumericalWarning('A not p.d., added jitter of 1.0e-08 to the diagonal'), OptimizationWarning('Optimization failed within `scipy.optimize.minimize` with status 2 and message ABNORMAL_TERMINATION_IN_LNSRCH.'), NumericalWarning('A not p.d., added jitter of 1.0e-08 to the diagonal')]
Trying again with a new set of initial conditions.",11084.235590113807,-244.38454092154097,1215.8902470474145,2283.2632360827038,0.005329107469928774,1.0,0.004999999999999999,0.963056904713222,0.15715000468548895,1.348487831833272
0.01,replicate_inferred,True,0.8665552139282227,,9,1,8,2,"NumericalWarning: A not p.d., added jitter of 1.0e-08 to the diagonal | NumericalWarning: A not p.d., added jitter of 1.0e-07 to the diagonal | NumericalWarning: A not p.d., added jitter of 1.0e-06 to the diagonal",7688.305141459964,114.77418959652141,1049.3972490566894,1412.2115435950452,0.007207484264874721,0.9753641921077131,0.005174289398880517,0.7708981662666009,0.1902757978271143,1.1649549751310544
0.01,fixed_sem_raw,True,2.304058074951172,,1,1,1,1,"RuntimeWarning: Optimization failed in `gen_candidates_scipy` with the following warning(s):
[NumericalWarning('A not p.d., added jitter of 1.0e-08 to the diagonal'), NumericalWarning('A not p.d., added jitter of 1.0e-07 to the diagonal'), NumericalWarning('A not p.d., added jitter of 1.0e-06 to the diagonal'), NumericalWarning('A not p.d., added jitter of 1.0e-05 to the diagonal'), NumericalWarning('A not p.d., added jitter of 1.0e-04 to the diagonal'), NumericalWarning('A not p.d., added jitter of 1.0e-03 to the diagonal'), NumericalWarning('Runtime Error when computing Cholesky decomposition: Matrix not positive definite after repeatedly adding jitter up to 1.0e-03.. Using symeig method.'), NumericalWarning('A not p.d., added jitter of 1.0e-08 to the diagonal'), NumericalWarning('A not p.d., added jitter of 1.0e-08 to the diagonal'), NumericalWarning('A not p.d., added jitter of 1.0e-08 to the diagonal'), NumericalWarning('A not p.d., added jitter of 1.0e-07 to the diagonal'), NumericalWarning('A not p.d., added jitter of 1.0e-06 to the diagonal'), NumericalWarning('A not p.d., added jitter of 1.0e-05 to the diagonal'), NumericalWarning('A not p.d., added jitter of 1.0e-04 to the diagonal'), NumericalWarning('A not p.d., added jitter of 1.0e-03 to the diagonal'), NumericalWarning('Runtime Error when computing Cholesky decomposition: Matrix not positive definite after repeatedly adding jitter up to 1.0e-03.. Using symeig method.'), NumericalWarning('A not p.d., added jitter of 1.0e-08 to the diagonal'), NumericalWarning('A not p.d., added jitter of 1.0e-08 to the diagonal'), NumericalWarning('A not p.d., added jitter of 1.0e-07 to the diagonal'), NumericalWarning('A not p.d., added jitter of 1.0e-06 to the diagonal'), NumericalWarning('A not p.d., added jitter of 1.0e-05 to the diagonal'), NumericalWarning('A not p.d., added jitter of 1.0e-04 to the diagonal'), NumericalWarning('A not p.d., added jitter of 1.0e-03 to the diagonal'), NumericalWarning('Runtime Error when computing Cholesky decomposition: Matrix not positive definite after repeatedly adding jitter up to 1.0e-03.. Using symeig method.'), NumericalWarning('A not p.d., added jitter of 1.0e-08 to the diagonal'), NumericalWarning('A not p.d., added jitter of 1.0e-07 to the diagonal'), NumericalWarning('A not p.d., added jitter of 1.0e-06 to the diagonal'), NumericalWarning('A not p.d., added jitter of 1.0e-05 to the diagonal'), NumericalWarning('A not p.d., added jitter of 1.0e-04 to the diagonal'), NumericalWarning('A not p.d., added jitter of 1.0e-03 to the diagonal'), NumericalWarning('Runtime Error when computing Cholesky decomposition: Matrix not positive definite after repeatedly adding jitter up to 1.0e-03.. Using symeig method.'), NumericalWarning('A not p.d., added jitter of 1.0e-08 to the diagonal'), NumericalWarning('A not p.d., added jitter of 1.0e-07 to the diagonal'), NumericalWarning('A not p.d., added jitter of 1.0e-06 to the diagonal'), NumericalWarning('A not p.d., added jitter of 1.0e-05 to the diagonal'), NumericalWarning('A not p.d., added jitter of 1.0e-04 to the diagonal'), NumericalWarning('A not p.d., added jitter of 1.0e-03 to the diagonal'), NumericalWarning('Runtime Error when computing Cholesky decomposition: Matrix not positive definite after repeatedly adding jitter up to 1.0e-03.. Using symeig method.'), NumericalWarning('A not p.d., added jitter of 1.0e-08 to the diagonal'), NumericalWarning('A not p.d., added jitter of 1.0e-07 to the diagonal'), NumericalWarning('A not p.d., added jitter of 1.0e-06 to the diagonal'), NumericalWarning('A not p.d., added jitter of 1.0e-05 to the diagonal'), NumericalWarning('A not p.d., added jitter of 1.0e-04 to the diagonal'), NumericalWarning('A not p.d., added jitter of 1.0e-03 to the diagonal'), NumericalWarning('Runtime Error when computing Cholesky decomposition: Matrix not positive definite after repeatedly adding jitter up to 1.0e-03.. Using symeig method.'), NumericalWarning('A not p.d., added jitter of 1.0e-08 to the diagonal'), NumericalWarning('A not p.d., added jitter of 1.0e-08 to the diagonal'), NumericalWarning('A not p.d., added jitter of 1.0e-08 to the diagonal'), NumericalWarning('A not p.d., added jitter of 1.0e-07 to the diagonal'), NumericalWarning('A not p.d., added jitter of 1.0e-06 to the diagonal'), NumericalWarning('A not p.d., added jitter of 1.0e-05 to the diagonal'), NumericalWarning('A not p.d., added jitter of 1.0e-04 to the diagonal'), NumericalWarning('A not p.d., added jitter of 1.0e-03 to the diagonal'), NumericalWarning('Runtime Error when computing Cholesky decomposition: Matrix not positive definite after repeatedly adding jitter up to 1.0e-03.. Using symeig method.'), NumericalWarning('A not p.d., added jitter of 1.0e-08 to the diagonal'), NumericalWarning('A not p.d., added jitter of 1.0e-08 to the diagonal'), NumericalWarning('A not p.d., added jitter of 1.0e-08 to the diagonal'), NumericalWarning('A not p.d., added jitter of 1.0e-07 to the diagonal'), NumericalWarning('A not p.d., added jitter of 1.0e-06 to the diagonal'), NumericalWarning('A not p.d., added jitter of 1.0e-05 to the diagonal'), NumericalWarning('A not p.d., added jitter of 1.0e-04 to the diagonal'), NumericalWarning('A not p.d., added jitter of 1.0e-03 to the diagonal'), NumericalWarning('Runtime Error when computing Cholesky decomposition: Matrix not positive definite after repeatedly adding jitter up to 1.0e-03.. Using symeig method.'), NumericalWarning('A not p.d., added jitter of 1.0e-08 to the diagonal'), NumericalWarning('A not p.d., added jitter of 1.0e-08 to the diagonal'), NumericalWarning('A not p.d., added jitter of 1.0e-08 to the diagonal'), NumericalWarning('A not p.d., added jitter of 1.0e-07 to the diagonal'), NumericalWarning('A not p.d., added jitter of 1.0e-06 to the diagonal'), NumericalWarning('A not p.d., added jitter of 1.0e-05 to the diagonal'), NumericalWarning('A not p.d., added jitter of 1.0e-04 to the diagonal'), NumericalWarning('A not p.d., added jitter of 1.0e-03 to the diagonal'), NumericalWarning('Runtime Error when computing Cholesky decomposition: Matrix not positive definite after repeatedly adding jitter up to 1.0e-03.. Using symeig method.'), NumericalWarning('A not p.d., added jitter of 1.0e-08 to the diagonal'), NumericalWarning('A not p.d., added jitter of 1.0e-08 to the diagonal'), NumericalWarning('A not p.d., added jitter of 1.0e-08 to the diagonal'), NumericalWarning('A not p.d., added jitter of 1.0e-07 to the diagonal'), NumericalWarning('A not p.d., added jitter of 1.0e-06 to the diagonal'), NumericalWarning('A not p.d., added jitter of 1.0e-05 to the diagonal'), NumericalWarning('A not p.d., added jitter of 1.0e-04 to the diagonal'), NumericalWarning('A not p.d., added jitter of 1.0e-03 to the diagonal'), NumericalWarning('Runtime Error when computing Cholesky decomposition: Matrix not positive definite after repeatedly adding jitter up to 1.0e-03.. Using symeig method.'), NumericalWarning('A not p.d., added jitter of 1.0e-08 to the diagonal'), NumericalWarning('A not p.d., added jitter of 1.0e-08 to the diagonal'), NumericalWarning('A not p.d., added jitter of 1.0e-08 to the diagonal'), NumericalWarning('A not p.d., added jitter of 1.0e-08 to the diagonal'), NumericalWarning('A not p.d., added jitter of 1.0e-08 to the diagonal'), NumericalWarning('A not p.d., added jitter of 1.0e-07 to the diagonal'), NumericalWarning('A not p.d., added jitter of 1.0e-06 to the diagonal'), NumericalWarning('A not p.d., added jitter of 1.0e-05 to the diagonal'), NumericalWarning('A not p.d., added jitter of 1.0e-04 to the diagonal'), NumericalWarning('A not p.d., added jitter of 1.0e-03 to the diagonal'), NumericalWarning('Runtime Error when computing Cholesky decomposition: Matrix not positive definite after repeatedly adding jitter up to 1.0e-03.. Using symeig method.'), NumericalWarning('A not p.d., added jitter of 1.0e-08 to the diagonal'), NumericalWarning('A not p.d., added jitter of 1.0e-08 to the diagonal'), NumericalWarning('A not p.d., added jitter of 1.0e-07 to the diagonal'), NumericalWarning('A not p.d., added jitter of 1.0e-06 to the diagonal'), NumericalWarning('A not p.d., added jitter of 1.0e-05 to the diagonal'), NumericalWarning('A not p.d., added jitter of 1.0e-04 to the diagonal'), NumericalWarning('A not p.d., added jitter of 1.0e-03 to the diagonal'), NumericalWarning('Runtime Error when computing Cholesky decomposition: Matrix not positive definite after repeatedly adding jitter up to 1.0e-03.. Using symeig method.'), NumericalWarning('A not p.d., added jitter of 1.0e-08 to the diagonal'), NumericalWarning('A not p.d., added jitter of 1.0e-08 to the diagonal'), NumericalWarning('A not p.d., added jitter of 1.0e-08 to the diagonal'), NumericalWarning('A not p.d., added jitter of 1.0e-08 to the diagonal'), NumericalWarning('A not p.d., added jitter of 1.0e-07 to the diagonal'), NumericalWarning('A not p.d., added jitter of 1.0e-06 to the diagonal'), NumericalWarning('A not p.d., added jitter of 1.0e-05 to the diagonal'), NumericalWarning('A not p.d., added jitter of 1.0e-04 to the diagonal'), NumericalWarning('A not p.d., added jitter of 1.0e-03 to the diagonal'), NumericalWarning('Runtime Error when computing Cholesky decomposition: Matrix not positive definite after repeatedly adding jitter up to 1.0e-03.. Using symeig method.'), NumericalWarning('A not p.d., added jitter of 1.0e-08 to the diagonal'), NumericalWarning('A not p.d., added jitter of 1.0e-07 to the diagonal'), NumericalWarning('A not p.d., added jitter of 1.0e-06 to the diagonal'), NumericalWarning('A not p.d., added jitter of 1.0e-05 to the diagonal'), NumericalWarning('A not p.d., added jitter of 1.0e-04 to the diagonal'), NumericalWarning('A not p.d., added jitter of 1.0e-03 to the diagonal'), NumericalWarning('A not p.d., added jitter of 1.0e-08 to the diagonal'), NumericalWarning('A not p.d., added jitter of 1.0e-07 to the diagonal'), NumericalWarning('A not p.d., added jitter of 1.0e-06 to the diagonal'), NumericalWarning('A not p.d., added jitter of 1.0e-05 to the diagonal'), NumericalWarning('A not p.d., added jitter of 1.0e-04 to the diagonal'), NumericalWarning('A not p.d., added jitter of 1.0e-03 to the diagonal'), NumericalWarning('Runtime Error when computing Cholesky decomposition: Matrix not positive definite after repeatedly adding jitter up to 1.0e-03.. Using symeig method.'), NumericalWarning('A not p.d., added jitter of 1.0e-08 to the diagonal'), NumericalWarning('A not p.d., added jitter of 1.0e-08 to the diagonal'), NumericalWarning('A not p.d., added jitter of 1.0e-07 to the diagonal'), NumericalWarning('A not p.d., added jitter of 1.0e-06 to the diagonal'), NumericalWarning('A not p.d., added jitter of 1.0e-05 to the diagonal'), NumericalWarning('A not p.d., added jitter of 1.0e-04 to the diagonal'), NumericalWarning('A not p.d., added jitter of 1.0e-03 to the diagonal'), NumericalWarning('Runtime Error when computing Cholesky decomposition: Matrix not positive definite after repeatedly adding jitter up to 1.0e-03.. Using symeig method.'), NumericalWarning('A not p.d., added jitter of 1.0e-08 to the diagonal'), NumericalWarning('A not p.d., added jitter of 1.0e-07 to the diagonal'), NumericalWarning('A not p.d., added jitter of 1.0e-06 to the diagonal'), NumericalWarning('A not p.d., added jitter of 1.0e-05 to the diagonal'), NumericalWarning('A not p.d., added jitter of 1.0e-04 to the diagonal'), NumericalWarning('A not p.d., added jitter of 1.0e-03 to the diagonal'), NumericalWarning('Runtime Error when computing Cholesky decomposition: Matrix not positive definite after repeatedly adding jitter up to 1.0e-03.. Using symeig method.'), NumericalWarning('A not p.d., added jitter of 1.0e-08 to the diagonal'), NumericalWarning('A not p.d., added jitter of 1.0e-08 to the diagonal'), NumericalWarning('A not p.d., added jitter of 1.0e-08 to the diagonal'), NumericalWarning('A not p.d., added jitter of 1.0e-07 to the diagonal'), NumericalWarning('A not p.d., added jitter of 1.0e-06 to the diagonal'), NumericalWarning('A not p.d., added jitter of 1.0e-05 to the diagonal'), NumericalWarning('A not p.d., added jitter of 1.0e-04 to the diagonal'), NumericalWarning('A not p.d., added jitter of 1.0e-03 to the diagonal'), NumericalWarning('Runtime Error when computing Cholesky decomposition: Matrix not positive definite after repeatedly adding jitter up to 1.0e-03.. Using symeig method.'), NumericalWarning('A not p.d., added jitter of 1.0e-08 to the diagonal'), NumericalWarning('A not p.d., added jitter of 1.0e-08 to the diagonal'), NumericalWarning('A not p.d., added jitter of 1.0e-08 to the diagonal'), NumericalWarning('A not p.d., added jitter of 1.0e-08 to the diagonal'), NumericalWarning('A not p.d., added jitter of 1.0e-07 to the diagonal'), NumericalWarning('A not p.d., added jitter of 1.0e-06 to the diagonal'), NumericalWarning('A not p.d., added jitter of 1.0e-05 to the diagonal'), NumericalWarning('A not p.d., added jitter of 1.0e-04 to the diagonal'), NumericalWarning('A not p.d., added jitter of 1.0e-03 to the diagonal'), NumericalWarning('Runtime Error when computing Cholesky decomposition: Matrix not positive definite after repeatedly adding jitter up to 1.0e-03.. Using symeig method.'), NumericalWarning('A not p.d., added jitter of 1.0e-08 to the diagonal'), NumericalWarning('A not p.d., added jitter of 1.0e-07 to the diagonal'), NumericalWarning('A not p.d., added jitter of 1.0e-06 to the diagonal'), NumericalWarning('A not p.d., added jitter of 1.0e-05 to the diagonal'), NumericalWarning('A not p.d., added jitter of 1.0e-04 to the diagonal'), NumericalWarning('A not p.d., added jitter of 1.0e-03 to the diagonal'), NumericalWarning('Runtime Error when computing Cholesky decomposition: Matrix not positive definite after repeatedly adding jitter up to 1.0e-03.. Using symeig method.'), NumericalWarning('A not p.d., added jitter of 1.0e-08 to the diagonal'), NumericalWarning('A not p.d., added jitter of 1.0e-08 to the diagonal'), NumericalWarning('A not p.d., added jitter of 1.0e-08 to the diagonal'), NumericalWarning('A not p.d., added jitter of 1.0e-07 to the diagonal'), NumericalWarning('A not p.d., added jitter of 1.0e-06 to the diagonal'), NumericalWarning('A not p.d., added jitter of 1.0e-05 to the diagonal'), NumericalWarning('A not p.d., added jitter of 1.0e-04 to the diagonal'), NumericalWarning('A not p.d., added jitter of 1.0e-03 to the diagonal'), NumericalWarning('Runtime Error when computing Cholesky decomposition: Matrix not positive definite after repeatedly adding jitter up to 1.0e-03.. Using symeig method.'), NumericalWarning('A not p.d., added jitter of 1.0e-08 to the diagonal'), NumericalWarning('A not p.d., added jitter of 1.0e-08 to the diagonal'), NumericalWarning('A not p.d., added jitter of 1.0e-08 to the diagonal'), NumericalWarning('A not p.d., added jitter of 1.0e-07 to the diagonal'), NumericalWarning('A not p.d., added jitter of 1.0e-06 to the diagonal'), NumericalWarning('A not p.d., added jitter of 1.0e-05 to the diagonal'), NumericalWarning('A not p.d., added jitter of 1.0e-04 to the diagonal'), NumericalWarning('A not p.d., added jitter of 1.0e-03 to the diagonal'), NumericalWarning('Runtime Error when computing Cholesky decomposition: Matrix not positive definite after repeatedly adding jitter up to 1.0e-03.. Using symeig method.'), NumericalWarning('A not p.d., added jitter of 1.0e-08 to the diagonal'), NumericalWarning('A not p.d., added jitter of 1.0e-08 to the diagonal'), NumericalWarning('A not p.d., added jitter of 1.0e-08 to the diagonal'), NumericalWarning('A not p.d., added jitter of 1.0e-07 to the diagonal'), NumericalWarning('A not p.d., added jitter of 1.0e-06 to the diagonal'), NumericalWarning('A not p.d., added jitter of 1.0e-05 to the diagonal'), NumericalWarning('A not p.d., added jitter of 1.0e-04 to the diagonal'), NumericalWarning('A not p.d., added jitter of 1.0e-03 to the diagonal'), NumericalWarning('Runtime Error when computing Cholesky decomposition: Matrix not positive definite after repeatedly adding jitter up to 1.0e-03.. Using symeig method.'), NumericalWarning('A not p.d., added jitter of 1.0e-08 to the diagonal'), NumericalWarning('A not p.d., added jitter of 1.0e-08 to the diagonal'), NumericalWarning('A not p.d., added jitter of 1.0e-08 to the diagonal'), NumericalWarning('A not p.d., added jitter of 1.0e-07 to the diagonal'), NumericalWarning('A not p.d., added jitter of 1.0e-06 to the diagonal'), NumericalWarning('A not p.d., added jitter of 1.0e-05 to the diagonal'), NumericalWarning('A not p.d., added jitter of 1.0e-04 to the diagonal'), NumericalWarning('A not p.d., added jitter of 1.0e-03 to the diagonal'), NumericalWarning('Runtime Error when computing Cholesky decomposition: Matrix not positive definite after repeatedly adding jitter up to 1.0e-03.. Using symeig method.'), NumericalWarning('A not p.d., added jitter of 1.0e-08 to the diagonal'), NumericalWarning('A not p.d., added jitter of 1.0e-08 to the diagonal'), NumericalWarning('A not p.d., added jitter of 1.0e-08 to the diagonal'), NumericalWarning('A not p.d., added jitter of 1.0e-07 to the diagonal'), NumericalWarning('A not p.d., added jitter of 1.0e-06 to the diagonal'), NumericalWarning('A not p.d., added jitter of 1.0e-05 to the diagonal'), NumericalWarning('A not p.d., added jitter of 1.0e-04 to the diagonal'), NumericalWarning('A not p.d., added jitter of 1.0e-03 to the diagonal'), NumericalWarning('Runtime Error when computing Cholesky decomposition: Matrix not positive definite after repeatedly adding jitter up to 1.0e-03.. Using symeig method.'), NumericalWarning('A not p.d., added jitter of 1.0e-08 to the diagonal'), NumericalWarning('A not p.d., added jitter of 1.0e-08 to the diagonal'), NumericalWarning('A not p.d., added jitter of 1.0e-08 to the diagonal'), NumericalWarning('A not p.d., added jitter of 1.0e-07 to the diagonal'), NumericalWarning('A not p.d., added jitter of 1.0e-06 to the diagonal'), NumericalWarning('A not p.d., added jitter of 1.0e-05 to the diagonal'), NumericalWarning('A not p.d., added jitter of 1.0e-04 to the diagonal'), NumericalWarning('A not p.d., added jitter of 1.0e-03 to the diagonal'), NumericalWarning('Runtime Error when computing Cholesky decomposition: Matrix not positive definite after repeatedly adding jitter up to 1.0e-03.. Using symeig method.'), NumericalWarning('A not p.d., added jitter of 1.0e-08 to the diagonal'), NumericalWarning('A not p.d., added jitter of 1.0e-08 to the diagonal'), NumericalWarning('A not p.d., added jitter of 1.0e-08 to the diagonal'), NumericalWarning('A not p.d., added jitter of 1.0e-08 to the diagonal'), NumericalWarning('A not p.d., added jitter of 1.0e-08 to the diagonal'), NumericalWarning('A not p.d., added jitter of 1.0e-08 to the diagonal'), NumericalWarning('A not p.d., added jitter of 1.0e-07 to the diagonal'), NumericalWarning('A not p.d., added jitter of 1.0e-06 to the diagonal'), NumericalWarning('A not p.d., added jitter of 1.0e-05 to the diagonal'), NumericalWarning('A not p.d., added jitter of 1.0e-04 to the diagonal'), NumericalWarning('A not p.d., added jitter of 1.0e-03 to the diagonal'), NumericalWarning('A not p.d., added jitter of 1.0e-08 to the diagonal'), NumericalWarning('A not p.d., added jitter of 1.0e-07 to the diagonal'), NumericalWarning('A not p.d., added jitter of 1.0e-06 to the diagonal'), NumericalWarning('A not p.d., added jitter of 1.0e-05 to the diagonal'), NumericalWarning('A not p.d., added jitter of 1.0e-04 to the diagonal'), NumericalWarning('A not p.d., added jitter of 1.0e-03 to the diagonal'), NumericalWarning('Runtime Error when computing Cholesky decomposition: Matrix not positive definite after repeatedly adding jitter up to 1.0e-03.. Using symeig method.'), NumericalWarning('A not p.d., added jitter of 1.0e-08 to the diagonal'), NumericalWarning('A not p.d., added jitter of 1.0e-07 to the diagonal'), NumericalWarning('A not p.d., added jitter of 1.0e-06 to the diagonal'), NumericalWarning('A not p.d., added jitter of 1.0e-05 to the diagonal'), NumericalWarning('A not p.d., added jitter of 1.0e-04 to the diagonal'), NumericalWarning('A not p.d., added jitter of 1.0e-03 to the diagonal'), NumericalWarning('Runtime Error when computing Cholesky decomposition: Matrix not positive definite after repeatedly adding jitter up to 1.0e-03.. Using symeig method.'), NumericalWarning('A not p.d., added jitter of 1.0e-08 to the diagonal'), NumericalWarning('A not p.d., added jitter of 1.0e-07 to the diagonal'), NumericalWarning('A not p.d., added jitter of 1.0e-06 to the diagonal'), NumericalWarning('A not p.d., added jitter of 1.0e-05 to the diagonal'), NumericalWarning('A not p.d., added jitter of 1.0e-04 to the diagonal'), NumericalWarning('A not p.d., added jitter of 1.0e-03 to the diagonal'), NumericalWarning('Runtime Error when computing Cholesky decomposition: Matrix not positive definite after repeatedly adding jitter up to 1.0e-03.. Using symeig method.'), NumericalWarning('A not p.d., added jitter of 1.0e-08 to the diagonal'), NumericalWarning('A not p.d., added jitter of 1.0e-07 to the diagonal'), NumericalWarning('A not p.d., added jitter of 1.0e-06 to the diagonal'), NumericalWarning('A not p.d., added jitter of 1.0e-05 to the diagonal'), NumericalWarning('A not p.d., added jitter of 1.0e-04 to the diagonal'), NumericalWarning('A not p.d., added jitter of 1.0e-03 to the diagonal'), NumericalWarning('Runtime Error when computing Cholesky decomposition: Matrix not positive definite after repeatedly adding jitter up to 1.0e-03.. Using symeig method.'), NumericalWarning('A not p.d., added jitter of 1.0e-08 to the diagonal'), NumericalWarning('A not p.d., added jitter of 1.0e-07 to the diagonal'), NumericalWarning('A not p.d., added jitter of 1.0e-06 to the diagonal'), NumericalWarning('A not p.d., added jitter of 1.0e-05 to the diagonal'), NumericalWarning('A not p.d., added jitter of 1.0e-04 to the diagonal'), NumericalWarning('A not p.d., added jitter of 1.0e-03 to the diagonal'), NumericalWarning('Runtime Error when computing Cholesky decomposition: Matrix not positive definite after repeatedly adding jitter up to 1.0e-03.. Using symeig method.'), NumericalWarning('A not p.d., added jitter of 1.0e-08 to the diagonal'), NumericalWarning('A not p.d., added jitter of 1.0e-07 to the diagonal'), NumericalWarning('A not p.d., added jitter of 1.0e-06 to the diagonal'), NumericalWarning('A not p.d., added jitter of 1.0e-05 to the diagonal'), NumericalWarning('A not p.d., added jitter of 1.0e-04 to the diagonal'), NumericalWarning('A not p.d., added jitter of 1.0e-03 to the diagonal'), NumericalWarning('Runtime Error when computing Cholesky decomposition: Matrix not positive definite after repeatedly adding jitter up to 1.0e-03.. Using symeig method.'), NumericalWarning('A not p.d., added jitter of 1.0e-08 to the diagonal'), NumericalWarning('A not p.d., added jitter of 1.0e-07 to the diagonal'), NumericalWarning('A not p.d., added jitter of 1.0e-06 to the diagonal'), NumericalWarning('A not p.d., added jitter of 1.0e-05 to the diagonal'), NumericalWarning('A not p.d., added jitter of 1.0e-04 to the diagonal'), NumericalWarning('A not p.d., added jitter of 1.0e-03 to the diagonal'), NumericalWarning('Runtime Error when computing Cholesky decomposition: Matrix not positive definite after repeatedly adding jitter up to 1.0e-03.. Using symeig method.'), NumericalWarning('A not p.d., added jitter of 1.0e-08 to the diagonal'), OptimizationWarning('Optimization failed within `scipy.optimize.minimize` with status 2 and message ABNORMAL_TERMINATION_IN_LNSRCH.'), NumericalWarning('A not p.d., added jitter of 1.0e-08 to the diagonal')]
Trying again with a new set of initial conditions.",7675.500335760795,-288.56768687529075,1060.8542222386845,1458.0917662955017,0.0085959101272668,1.0,0.004999999999999999,0.8958669875611663,0.19735070770987817,1.3410233061116816
0.01,fixed_sem_shrunk,True,10.15006160736084,,0,0,0,0,,7754.74038703444,-132.92994963899832,1031.5330290028899,1474.212256569536,0.005373459612122452,1.0,0.004999999999999999,0.6928955924419528,0.14134200258106303,1.3349590991571554
0.0001,replicate_inferred,True,55.89906358718872,,1,0,1,0,"NumericalWarning: A not p.d., added jitter of 1.0e-08 to the diagonal",406.2651806579807,-254.85893113832344,235.80796744680435,276.7805390390456,0.005569474138617185,1.0,0.004999999999999999,1.0,0.249691202925035,1.282935943214294
0.0001,fixed_sem_raw,True,57.369911670684814,,0,0,0,0,,389.46858174830334,-337.6094858447401,238.6970833292616,294.6484511213339,0.005587692780054765,0.9533001909696142,0.004999999999999999,1.0,0.25581382069202685,1.3247321576331244
0.0001,fixed_sem_shrunk,True,35.38346815109253,,0,0,0,0,,407.245693410959,-416.479499506704,229.06539980456455,294.63157855708073,0.00779511391487388,1.0,0.004999999999999999,1.0,0.24124372002765576,1.4017680963509598
